CITY,COLOR,POPULATION,STATE,AVG. RANK,OVERALL RANK,GOOGLE SEARCH VOLUME,WEIGHTED BY POPULATION,RANK FOR GSV,GOOGLE TREND,RANK FOR GSV INCREASE,MOST SEARCHED MONTH,AVG. PRECIPITATION (MM),RANK FOR PRECIPITATION,ANNUAL MAX TEMPERATURE ,RANK FOR TEMPERATURE,MEDIAN YEAR BUILT,RANK FOR YEAR BUILT,POPULATION DENSITY / sq mi,RANK FOR POPULATION DENSITY
Miami,#e06666,"442,241",FL,46.67,1,630,142.46,97,43.00%,66,sep,"1,619.00",8,29.00,5,1983,98,"12,285.00",6
Newark,#e06666,"311,549",NJ,61.50,2,350,112.34,133,120.00%,33,jul,"1,259.00",58,18.00,136,1960,4,"12,903.00",5
Fort Lauderdale,#e06666,"182,760",FL,64.67,3,380,207.92,46,-46.00%,182,dec,"1,553.00",12,29.00,6,1983,99,"5,284.00",43
Providence,#e06666,"190,934",RI,65.00,4,220,115.22,129,133.00%,29,apr,"1,314.00",40,16.00,171,1964,10,"10,373.00",11
Jersey City,#e06666,"292,449",NJ,68.00,5,390,133.36,106,20.00%,91,nov,"1,245.00",67,18.00,137,1960,5,"19,835.00",2
Springfield,#e06666,"155,929",MA,69.83,6,190,121.85,122,200.00%,15,oct,"1,270.00",55,16.00,173,1960,7,"4,892.00",47
Mobile,#e06666,"187,041",AL,71.17,7,350,187.12,64,200.00%,16,jan,"1,692.00",3,25.00,51,1982,94,"1,314.00",199
Syracuse,#e06666,"148,620",NY,71.50,8,520,349.89,7,43.00%,67,May,"1,096.00",111,15.00,195,1966,14,"5,930.00",35
Kissimmee,#e06666,"79,226",FL,71.67,9,240,302.93,18,33.00%,74,feb,"1,301.00",43,28.00,15,1996,192,"3,684.00",88
Poughkeepsie,#e06666,"31,577",NY,73.50,10,110,348.35,8,0.00%,100,May,"1,224.00",74,16.00,178,1973,48,"6,137.00",33
Harrisburg,#e06666,"50,135",PA,75.67,11,140,279.25,22,0.00%,101,mar,"1,195.00",87,17.00,154,1976,59,"6,174.00",31
Columbia,#e06666,"104,681",MD,78.50,12,190,181.50,67,100.00%,34,jun,"1,233.00",69,19.00,129,1978,69,"3,278.00",103
New Orleans,#e06666,"383,997",LA,78.67,13,370,96.35,156,33.00%,75,jun,"1,664.00",4,26.00,37,1974,49,"2,267.00",151
Philadelphia,#e06666,"1,603,797",PA,78.83,14,600,37.41,208,53.00%,60,jul,"1,272.00",54,19.00,127,1967,15,"11,963.00",9
Pensacola,#e06666,"54,312",FL,79.33,15,180,331.42,10,0.00%,102,jul,"1,734.00",1,25.00,50,1992,168,"2,360.00",145
Pasadena,#e06666,"151,950",TX,80.50,16,250,164.53,81,33.00%,76,apr,"1,452.00",18,27.00,18,1996,195,"3,524.00",95
Sunnyvale,#e06666,"155,805",CA,81.00,17,270,173.29,70,100.00%,35,May,323.00,187,21.00,113,1976,57,"7,062.00",24
Fort Myers,#e06666,"86,395",FL,81.17,18,160,185.20,65,100.00%,36,apr,"1,514.00",14,29.00,8,2000,207,"2,168.00",157
Trenton,#e06666,"90,871",NJ,81.83,19,190,209.09,44,-50.00%,183,May,"1,217.00",81,18.00,138,1970,37,"11,989.00",8
Orlando,#e06666,"307,573",FL,81.83,20,580,188.57,63,60.00%,56,mar,"1,305.00",42,28.00,14,1996,191,"2,775.00",125
Richmond,#e06666,"226,610",VA,82.17,21,370,163.28,82,250.00%,11,apr,"1,178.00",96,21.00,108,1985,116,"3,845.00",80
Clearwater,#e06666,"117,292",FL,82.50,22,230,196.09,53,-67.00%,203,dec,"1,373.00",27,27.00,20,1987,133,"4,488.00",59
Carlisle,#e06666,"20,118",PA,82.67,23,100,497.07,3,0.00%,103,jan,"1,192.00",89,17.00,156,1976,60,"3,709.00",85
Beaumont,#e06666,"115,282",TX,83.00,24,210,182.16,66,0.00%,104,feb,"1,558.00",11,26.00,40,1981,85,"1,398.00",192
Palm Bay,#e06666,"119,760",FL,83.00,25,230,192.05,55,400.00%,3,jan,"1,232.00",72,27.00,24,1988,149,"1,385.00",195
Melbourne,#e06666,"85,064",FL,83.67,26,270,317.41,13,25.00%,87,jan,"1,255.00",61,27.00,23,1988,148,"1,917.00",170
Waukesha,#e06666,"70,718",WI,84.00,27,140,197.97,51,0.00%,105,May,955.00,142,25.00,63,1968,19,"2,787.00",124
Boston,#e06666,"675,647",MA,84.17,28,620,91.76,161,28.00%,85,mar,"1,238.00",68,16.00,176,1964,11,"13,976.00",4
Hanover,#e06666,"15,289",PA,84.50,29,50,327.03,12,0.00%,106,sep,"1,148.00",103,17.00,161,1977,64,"4,445.00",61
Bossier City,#e06666,"62,701",LA,84.83,30,180,287.08,19,0.00%,107,jan,"1,277.00",51,25.00,56,1981,87,"1,429.00",189
New Haven,#e06666,"134,023",CT,85.33,31,290,216.38,40,-80.00%,213,jun,"1,289.00",48,16.00,172,1963,9,"6,859.00",30
Ventura,#e06666,"110,763",CA,86.00,32,160,144.45,95,200.00%,17,jan,300.00,191,22.00,102,1978,66,"5,062.00",45
West Palm Beach,#e06666,"117,415",FL,86.17,33,280,238.47,33,-78.00%,211,dec,"1,605.00",9,28.00,11,1983,100,"2,247.00",153
Ocala,#e06666,"63,591",FL,86.33,34,120,188.71,62,150.00%,26,jun,"1,331.00",35,28.00,12,1996,190,"1,390.00",193
Bridgeport,#e06666,"148,654",CT,86.83,35,180,121.09,123,0.00%,108,apr,"1,228.00",73,16.00,177,1968,26,"9,290.00",14
Cleveland,#e06666,"372,624",OH,86.83,36,450,120.77,124,157.00%,25,aug,"1,083.00",113,15.00,196,1964,12,"4,793.00",51
Lafayette,#e06666,"121,467",LA,87.00,37,230,189.35,60,0.00%,109,dec,"1,647.00",5,26.00,38,1989,154,"2,170.00",156
Conway,#e06666,"64,134",AK,87.17,38,540,841.99,1,40.00%,70,jun,"1,390.00",25,22.00,83,1988,150,"1,386.40",194
Port Arthur,#e06666,"56,039",TX,87.33,39,90,160.60,85,0.00%,110,aug,"1,489.00",16,26.00,41,1981,86,"1,576.00",186
Visalia,#e06666,"141,384",CA,87.50,40,240,169.75,74,300.00%,7,jun,225.00,204,25.00,67,1981,89,"3,727.00",84
Allentown,#e06666,"125,845",PA,87.67,41,260,206.60,47,-80.00%,214,jul,"1,294.00",47,17.00,151,1972,44,"7,164.00",23
Spartanburg,#e06666,"38,401",SC,88.50,42,140,364.57,6,100.00%,37,jun,"1,202.00",84,23.00,78,1989,155,"1,912.00",171
Nashua,#e06666,"91,322",NH,88.67,43,250,273.76,23,67.00%,49,jun,"1,224.00",75,15.00,192,1979,76,"2,961.00",117
Worcester,#e06666,"206,518",MA,89.00,44,180,87.16,166,100.00%,38,May,"1,247.00",66,15.00,191,1969,33,"5,527.00",40
New York,#e06666,"8,804,190",NY,89.50,45,1390,15.79,214,0.00%,111,mar,"1,276.00",53,17.00,152,1960,6,"27,744.00",1
Baton Rouge,#e06666,"227,470",LA,89.50,46,260,114.30,131,33.00%,77,feb,"1,723.00",2,26.00,36,1991,162,"2,635.00",129
Santa Clara,#e06666,"127,647",CA,90.67,47,400,313.36,14,-17.00%,160,sep,314.00,189,22.00,100,1976,55,"6,984.00",26
Princeton,#e06666,"30,681",NJ,91.50,48,80,260.75,29,0.00%,112,feb,"1,267.00",56,18.00,135,1970,36,"1,709.00",181
Santa Maria,#e06666,"109,707",CA,92.00,49,240,218.76,39,0.00%,113,mar,326.00,186,21.00,112,1974,52,"4,810.00",50
Towson,#e06666,"55,197",MD,92.33,50,130,235.52,35,-67.00%,204,jul,"1,300.00",44,18.00,134,1978,70,"4,207.00",67
Folsom,#e06666,"80,454",CA,92.33,51,200,248.59,30,50.00%,61,feb,506.00,165,24.00,69,1985,109,"2,883.00",120
Hartford,#e06666,"121,054",CT,92.50,52,230,190.00,57,-80.00%,215,oct,"1,257.00",60,16.00,174,1968,24,"7,027.00",25
Petaluma,#e06666,"60,438",CA,92.67,53,150,248.19,31,0.00%,114,mar,614.00,163,22.00,98,1980,80,"4,146.00",70
Vallejo,#e06666,"126,090",CA,92.67,54,200,158.62,86,200.00%,18,May,477.00,169,21.00,110,1983,102,"4,145.00",71
Sanford,#e06666,"61,051",FL,92.83,55,140,229.32,38,0.00%,115,jun,"1,253.00",63,28.00,16,1996,193,"2,589.00",132
Norfolk,#e06666,"238,005",VA,93.00,56,370,155.46,90,-29.00%,165,oct,"1,341.00",32,21.00,106,1984,105,"4,470.00",60
St. Petersburg,#e06666,"258,308",FL,93.17,57,180,69.68,191,0.00%,116,jan,"1,367.00",28,27.00,21,1987,134,"4,175.00",69
San Bernardino,#e06666,"222,101",CA,93.33,58,330,148.58,92,250.00%,12,aug,276.00,195,27.00,33,1987,135,"3,574.00",93
Canton,#e06666,"70,872",OH,93.83,59,150,211.65,43,33.00%,78,jul,"1,075.00",117,16.00,182,1967,16,"2,693.00",127
Tampa,#e06666,"384,959",FL,94.00,60,530,137.68,100,-43.00%,181,May,"1,320.00",38,28.00,13,1987,132,"3,376.00",100
Pittsburgh,#e06666,"302,971",PA,94.50,61,400,132.03,110,29.00%,83,aug,975.00,138,16.00,187,1962,8,"5,471.00",41
San Francisco,#e06666,"873,965",CA,94.83,62,660,75.52,185,64.00%,55,May,469.00,171,19.00,133,1968,22,"18,634.00",3
McAllen,#e06666,"142,210",TX,94.83,63,270,189.86,58,60.00%,57,apr,648.00,162,30.00,2,2001,208,"3,778.00",82
Roseville,#e06666,"147,773",CA,95.00,64,260,175.95,69,67.00%,50,aug,488.00,167,24.00,70,1985,110,"3,208.00",104
Danbury,#e06666,"86,518",CT,95.17,65,110,127.14,117,100.00%,39,mar,"1,323.00",36,15.00,190,1968,27,"2,062.00",162
Long Beach,#e06666,"466,742",CA,96.00,66,480,102.84,145,14.00%,97,jun,218.00,207,23.00,81,1969,31,"9,205.00",15
Waterbury,#e06666,"114,403",CT,96.17,67,120,104.89,141,0.00%,117,apr,"1,319.00",39,16.00,170,1972,46,"4,301.00",64
Houston,#e06666,"2,304,580",TX,97.17,68,980,42.52,207,58.00%,59,nov,"1,507.00",15,27.00,17,1996,194,"3,613.00",91
Louisville,#e06666,"633,045",KY,97.33,69,460,72.66,188,300.00%,8,sep,"1,351.00",31,20.00,116,1979,74,"1,948.00",167
Birmingham,#e06666,"200,733",AL,97.33,70,400,199.27,50,0.00%,118,mar,"1,440.00",20,23.00,74,1986,125,"1,365.40",197
Manchester,#e06666,"115,644",NH,98.00,71,380,328.59,11,0.00%,119,apr,"1,188.00",92,15.00,193,1979,77,"3,497.00",96
Lansing,#f6b26b,"112,644",MI,98.17,72,200,177.55,68,100.00%,40,nov,954.00,143,14.00,207,1974,53,"3,877.00",78
Ontario,#f6b26b,"175,265",CA,98.17,73,290,165.46,77,67.00%,51,sep,273.00,196,26.00,45,1987,137,"3,775.00",83
Round Rock,#f6b26b,"119,468",TX,98.33,74,320,267.85,27,80.00%,47,feb,907.00,152,26.00,44,2003,214,"3,174.00",106
Lodi,#f6b26b,"66,348",CA,98.50,75,130,195.94,54,0.00%,120,oct,375.00,184,24.00,72,1985,112,"4,860.00",49
Albany,#f6b26b,"99,224",NY,98.67,76,310,312.42,15,-50.00%,184,aug,"1,120.00",105,15.00,194,1971,42,"4,730.00",52
Tallahassee,#f6b26b,"196,169",FL,98.83,77,260,132.54,109,0.00%,121,mar,"1,449.00",19,27.00,19,1990,156,"1,926.00",169
Santa Barbara,#f6b26b,"88,665",CA,99.00,78,250,281.96,20,-50.00%,185,feb,388.00,183,22.00,99,1974,51,"4,546.00",56
Anaheim,#f6b26b,"346,824",CA,99.17,79,450,129.75,112,-15.00%,157,dec,230.00,202,25.00,66,1969,30,"6,899.00",28
Fremont,#f6b26b,"230,504",CA,99.33,80,340,147.50,93,43.00%,68,feb,353.00,185,21.00,111,1968,20,"2,943.00",119
Baltimore,#f6b26b,"585,708",MD,99.50,81,560,95.61,159,-15.00%,158,apr,"1,254.00",62,19.00,128,1978,68,"7,235.00",22
Santa Rosa,#f6b26b,"178,127",CA,99.67,82,240,134.74,105,25.00%,88,aug,713.00,161,22.00,97,1980,79,"4,188.00",68
East Hartford,#f6b26b,"51,045",CT,99.67,83,80,156.72,89,0.00%,122,mar,"1,248.00",65,16.00,175,1968,25,"2,837.00",122
Chesapeake,#f6b26b,"249,422",VA,100.50,84,290,116.27,126,150.00%,27,May,"1,295.00",46,22.00,87,1984,104,736.00,213
Flint,#f6b26b,"81,252",MI,100.83,85,160,196.92,52,500.00%,1,mar,880.00,155,14.00,211,1971,43,"2,384.00",143
Fresno,#f6b26b,"542,107",CA,101.50,86,430,79.32,181,180.00%,23,nov,255.00,198,26.00,46,1985,108,"4,722.00",53
Lancaster,#f6b26b,"58,039",PA,101.67,87,110,189.53,59,-60.00%,201,feb,"1,149.00",101,17.00,160,1978,71,"8,031.00",18
Myrtle Beach,#f6b26b,"35,682",SC,101.67,88,240,672.61,2,60.00%,58,nov,"1,232.00",71,23.00,76,2003,215,"1,523.00",188
Daytona Beach,#f6b26b,"72,647",FL,101.67,89,120,165.18,78,50.00%,62,mar,"1,218.00",78,27.00,25,1990,157,"1,107.00",210
Eugene,#f6b26b,"176,654",OR,102.17,90,170,96.23,157,200.00%,19,oct,"1,043.00",126,17.00,166,1978,72,"3,995.00",73
Titusville,#f6b26b,"48,789",FL,102.50,91,150,307.45,17,-57.00%,197,jan,"1,288.00",49,27.00,22,1988,147,"1,669.00",183
San Marcos,#f6b26b,"67,553",TX,103.17,92,230,340.47,9,67.00%,52,feb,905.00,153,27.00,28,2003,213,"2,034.00",164
Dayton,#f6b26b,"137,644",OH,103.67,93,230,167.10,76,0.00%,123,aug,"1,102.00",110,18.00,141,1971,39,"2,466.00",133
Minneapolis,#f6b26b,"429,954",MN,104.33,94,570,132.57,108,125.00%,32,jul,853.00,156,13.00,214,1982,97,"7,962.00",19
Los Angeles,#f6b26b,"3,898,747",CA,104.67,95,1050,26.93,211,44.00%,65,nov,235.00,200,22.00,103,1969,32,"8,205.00",17
Buffalo,#f6b26b,"278,349",NY,105.00,96,290,104.19,144,0.00%,124,May,"1,070.00",118,13.00,213,1957,2,"6,893.00",29
Cincinnati,#f6b26b,"309,317",OH,105.33,97,400,129.32,113,-14.00%,156,jun,"1,201.00",86,18.00,139,1977,62,"3,970.00",76
Asheville,#f6b26b,"94,067",NC,105.33,98,180,191.35,56,400.00%,4,May,"1,053.00",124,20.00,121,1991,166,"2,080.00",161
Beavercreek,#f6b26b,"46,372",OH,105.50,99,130,280.34,21,0.00%,125,apr,"1,107.00",107,17.00,162,1971,41,"1,750.00",177
Oakland,#f6b26b,"440,646",CA,106.50,100,460,104.39,142,-30.00%,169,aug,516.00,164,20.00,123,1968,21,"7,878.00",20
Grand Rapids,#f6b26b,"198,917",MI,107.67,101,280,140.76,99,50.00%,63,jul,999.00,133,14.00,206,1980,83,"4,442.00",62
Portland,#f6b26b,"68,408",ME,107.67,102,160,233.89,36,-50.00%,186,dec,"1,415.00",23,13.00,212,1980,84,"3,175.00",105
Virginia Beach,#f6b26b,"459,470",VA,107.67,103,460,100.12,148,83.00%,46,apr,"1,267.00",57,20.00,117,1984,106,"1,877.00",172
Lexington,#f6b26b,"322,570",KY,107.83,104,370,114.70,130,300.00%,9,aug,"1,338.00",33,19.00,126,1987,141,"1,137.00",208
Fayetteville,#f6b26b,"208,501",NC,108.00,105,260,124.70,120,200.00%,20,sep,"1,224.00",76,23.00,77,1991,164,"1,406.00",191
Biloxi,#f6b26b,"49,449",MS,108.17,106,80,161.78,84,0.00%,126,jun,"1,628.00",7,25.00,53,1993,172,"1,151.00",207
Brownsville,#f6b26b,"186,738",TX,108.33,107,240,128.52,114,150.00%,28,jul,786.00,159,29.00,9,1995,181,"2,096.00",159
Shelton,#f6b26b,"41,751",CT,108.50,108,70,167.66,75,0.00%,127,dec,"1,322.00",37,16.00,169,1972,45,"1,334.00",198
Rochester,#f6b26b,"211,328",NY,108.67,109,360,170.35,72,-33.00%,172,sep,945.00,145,14.00,209,1967,18,"5,909.00",36
Salem,#f6b26b,"177,723",OR,110.17,110,190,106.91,138,100.00%,41,May,"1,079.00",116,17.00,163,1985,117,"3,686.00",86
Youngstown,#f6b26b,"60,068",OH,110.17,111,120,199.77,49,0.00%,128,jul,"1,082.00",114,16.00,181,1965,13,"1,770.00",176
Greenville,#f6b26b,"70,720",SC,110.33,112,190,268.67,26,-50%,187,apr,"1,276.00",52,22.00,88,1991,165,"2,373.00",144
Montgomery,#f6b26b,"200,603",AL,110.83,113,300,149.55,91,-13.00%,155,mar,"1,335.00",34,25.00,55,1986,124,"1,232.00",206
New Braunfels,#f6b26b,"90,403",TX,111.17,114,220,243.35,32,0.00%,129,aug,836.00,157,27.00,29,1995,182,"2,435.00",138
Cape Coral,#f6b26b,"194,016",FL,111.33,115,140,72.16,189,33.00%,79,mar,"1,516.00",13,29.00,7,2000,206,"1,829.00",174
Shreveport,#f6b26b,"187,593",LA,111.67,116,270,143.93,96,-29.00%,166,May,"1,208.00",83,25.00,59,1981,88,"1,734.00",178
Modesto,#f6b26b,"218,464",CA,112.17,117,300,137.32,101,-33.00%,173,jun,298.00,193,25.00,65,1982,95,"5,007.00",46
Nashville,#f6b26b,"689,447",TN,113.00,118,580,84.13,172,214.00%,13,nov,"1,364.00",30,22.00,86,1995,187,"1,420.00",190
Oxnard,#f6b26b,"202,063",CA,113.17,119,200,98.98,150,0.00%,130,sep,265.00,197,21.00,114,1978,67,"7,616.00",21
Stamford,#f6b26b,"135,470",CT,113.17,120,180,132.87,107,-67.00%,205,jul,"1,183.00",94,17.00,158,1968,23,"3,601.00",92
Rogers,#f6b26b,"69,908",AR,113.17,121,110,157.35,87,200.00%,21,apr,"1,219.00",77,20.00,118,1999,203,"1,877.00",173
Chicago,#f6b26b,"2,746,388",IL,113.33,122,970,35.32,209,8.00%,98,aug,"1,062.00",122,15.00,197,1972,47,"12,059.00",7
Salinas,#f6b26b,"163,542",CA,113.33,123,160,97.83,152,0.00%,131,oct,319.00,188,20.00,124,1976,58,"6,956.00",27
Tucson,#f6b26b,"542,629",AZ,113.33,124,470,86.62,169,167.00%,24,oct,279.00,194,29.00,10,1987,131,"2,251.00",152
Raleigh,#f6b26b,"467,665",NC,114.00,125,520,111.19,135,100.00%,42,nov,"1,175.00",97,22.00,93,2001,209,"3,148.00",108
Scranton,#f6b26b,"76,328",PA,114.17,126,100,131.01,111,0.00%,132,mar,"1,031.00",128,15.00,198,1959,3,"3,016.00",113
Urban Honolulu,#f6b26b,"350,964",HI,114.67,127,170,48.44,205,-33.00%,174,May,426.00,179,27.00,32,1977,61,"5,791.00",37
Sacramento,#f6b26b,"524,943",CA,115.50,128,560,106.68,139,-6.00%,153,apr,437.00,177,24.00,71,1985,111,"5,323.00",42
Wichita,#f6b26b,"397,532",KS,116.00,129,210,52.83,201,200.00%,22,jul,958.00,141,20.00,122,1979,75,"2,454.00",135
Gulfport,#f6b26b,"72,926",MS,116.17,130,120,164.55,80,-50.00%,188,jun,"1,630.00",6,25.00,52,1993,171,"1,311.00",200
Chula Vista,#f6b26b,"275,487",CA,116.67,131,350,127.05,118,-29.00%,167,jun,220.00,206,23.00,80,1981,90,"5,548.00",39
Knoxville,#f6b26b,"190,740",TN,117.17,132,260,136.31,103,0.00%,133,jun,"1,312.00",41,21.00,107,1988,151,"1,931.00",168
Columbia,#f6b26b,"136,632",SC,117.33,133,370,270.80,24,-20.00%,162,May,"1,217.00",80,25.00,57,1992,169,991.00,212
Savannah,#f6b26b,"147,780",GA,117.67,134,150,101.50,146,100.00%,43,jun,"1,210.00",82,25.00,58,1994,175,"1,300.00",202
Washington,#f6b26b,"689,545",DC,118.00,135,600,87.01,168,-37.00%,179,sep,"1,093.00",112,19.00,132,1984,107,"11,280.00",10
Thousand Oaks,#f6b26b,"126,966",CA,119.17,136,180,141.77,98,0.00%,134,mar,299.00,192,23.00,79,1978,65,"2,297.00",147
Mesa,#f6b26b,"504,258",AZ,119.50,137,510,101.14,147,21.00%,90,aug,207.00,208,30.00,3,1995,179,"3,633.00",90
San Antonio,#f6b26b,"1,434,625",TX,120.00,138,1190,82.95,174,65.00%,54,apr,818.00,158,27.00,30,1995,183,"2,875.00",121
Springdale,#f6b26b,"84,161",AR,120.00,139,100,118.82,125,500.00%,2,nov,"1,192.00",90,20.00,119,1999,204,"1,711.00",180
Milwaukee,#f6b26b,"577,222",WI,120.17,140,490,84.89,171,0.00%,135,May,951.00,144,14.00,208,1968,29,"6,001.00",34
Fayetteville,#f6b26b,"93,949",AR,120.17,141,160,170.31,73,100.00%,44,jul,"1,158.00",100,20.00,120,1999,205,"1,726.20",179
Ormond Beach,#f6b26b,"43,080",FL,120.33,142,90,208.91,45,-50.00%,189,jul,"1,159.00",99,27.00,26,1990,158,"1,238.00",205
Cheektowaga,#93c47d,"98,496",NY,120.50,143,160,162.44,83,-57.00%,198,dec,"1,064.00",120,14.00,203,1957,1,"2,955.00",118
Wilmington,#93c47d,"115,451",NC,120.83,144,200,173.23,71,-71.00%,208,jul,"1,474.00",17,23.00,73,1999,202,"2,245.00",154
Riverside,#93c47d,"314,998",CA,121.50,145,430,136.51,102,-29.00%,168,apr,193.00,210,27.00,34,1987,136,"3,877.00",79
Denver,#93c47d,"715,522",CO,121.67,146,630,88.05,164,71.00%,48,nov,452.00,175,18.00,145,1987,144,"4,674.00",54
Columbus,#93c47d,"905,748",OH,121.67,147,540,59.62,199,40.00%,71,jun,"1,063.00",121,17.00,164,1983,103,"4,109.00",72
Warren,#93c47d,"139,387",MI,121.83,148,150,107.61,137,0.00%,136,aug,940.00,147,15.00,201,1969,35,"3,975.00",75
Little Rock,#93c47d,"202,591",AR,122.17,149,260,128.34,115,-38.00%,180,dec,"1,439.00",21,23.00,75,1990,160,"1,687.60",182
San Diego,#93c47d,"1,386,932",CA,123.00,150,700,50.47,203,39.00%,72,feb,226.00,203,22.00,104,1981,91,"4,255.00",65
Salt Lake City,#93c47d,"199,723",UT,123.00,151,540,270.37,25,42.00%,69,aug,463.00,173,18.00,144,1988,152,"1,817.00",175
Las Vegas,#93c47d,"641,903",NV,123.50,152,670,104.38,143,25.00%,89,aug,86.00,215,27.00,35,1999,201,"4,525.00",58
Akron,#93c47d,"190,469",OH,123.67,153,220,115.50,128,-20.00%,163,sep,"1,068.00",119,16.00,183,1970,38,"3,075.00",111
Atlanta,#93c47d,"498,715",GA,124.00,154,390,78.20,184,0.00%,137,jul,"1,258.00",59,22.00,89,1995,188,"3,685.00",87
Bellevue,#93c47d,"151,854",WA,124.33,155,220,144.88,94,-50.00%,190,jul,"1,107.00",108,16.00,179,1985,118,"4,530.00",57
High Point,#93c47d,"114,059",NC,124.83,156,140,122.74,121,0.00%,138,dec,"1,188.00",93,22.00,92,1987,139,"2,004.00",166
Murray,#93c47d,"49,498",UT,125.00,157,190,383.85,4,-50.00%,191,May,427.00,178,18.00,147,1988,153,"3,969.00",77
Charleston,#93c47d,"150,227",SC,125.17,158,320,213.01,42,-56.00%,195,oct,"1,298.00",45,24.00,68,1998,200,"1,306.00",201
Austin,#93c47d,"961,855",TX,125.33,159,880,91.49,162,26.00%,86,aug,913.00,150,27.00,27,2003,212,"3,006.00",115
San Jose,#93c47d,"1,013,240",CA,125.50,160,660,65.14,193,-33.00%,175,sep,309.00,190,22.00,101,1976,56,"5,684.00",38
Albuquerque,#93c47d,"564,559",NM,125.50,161,470,83.25,173,133.00%,30,aug,221.00,205,22.00,105,1986,126,"3,014.00",114
Killeen,#93c47d,"153,095",TX,125.83,162,330,215.55,41,-36.00%,178,dec,918.00,149,26.00,43,1997,198,"2,333.00",146
Detroit,#93c47d,"639,111",MI,126.50,163,510,79.80,179,-10.00%,154,oct,983.00,137,15.00,200,1969,34,"4,606.00",55
Seattle,#93c47d,"737,015",WA,127.17,164,600,81.41,176,0.00%,139,jan,"1,009.00",130,16.00,185,1985,120,"9,302.00",13
Jackson,#93c47d,"153,701",MS,127.50,165,10,6.51,215,0.00%,140,dec,"1,435.00",22,25.00,54,1987,138,"1,375.00",196
Fort Wayne,#93c47d,"267,927",IN,127.67,166,260,97.04,154,33.00%,80,sep,"1,002.00",131,16.00,186,1978,73,"2,405.00",142
Madison,#93c47d,"269,840",WI,127.83,167,340,126.00,119,17.00%,94,nov,"1,028.00",129,14.00,205,1985,121,"3,390.00",99
Ogden,#93c47d,"87,321",UT,127.83,168,270,309.20,16,0.00%,141,sep,501.00,166,17.00,167,1992,170,"3,169.00",107
Memphis,#93c47d,"633,104",TN,127.83,169,380,60.02,198,-50.00%,192,aug,"1,400.00",24,22.00,82,1985,113,"2,146.00",158
Chattanooga,#93c47d,"181,099",TN,128.00,170,210,115.96,127,-75.00%,210,mar,"1,365.00",29,22.00,85,1985,114,"1,272.00",203
Centennial,#93c47d,"108,418",CO,128.50,171,170,156.80,88,0.00%,142,apr,484.00,168,18.00,142,1987,142,"3,648.00",89
Omaha,#93c47d,"486,051",NE,128.83,172,420,86.41,170,29.00%,84,apr,912.00,151,16.00,189,1980,81,"3,407.00",98
Indianapolis,#93c47d,"887,642",IN,129.00,173,490,55.20,200,38.00%,73,aug,"1,202.00",85,17.00,153,1986,127,"2,454.00",136
Carlsbad,#93c47d,"114,746",CA,129.67,174,230,200.44,48,-78.00%,212,dec,244.00,199,21.00,115,1981,92,"3,038.00",112
Tacoma,#93c47d,"219,346",WA,130.00,175,280,127.65,116,-50.00%,193,feb,"1,103.00",109,16.00,180,1985,119,"4,412.00",63
Tulsa,#93c47d,"413,066",OK,130.00,176,250,60.52,197,20.00%,92,aug,967.00,139,22.00,96,1982,96,"2,088.00",160
Springfield,#93c47d,"169,176",MO,130.00,177,140,82.75,175,33.00%,81,aug,"1,233.00",70,19.00,130,1990,161,"2,035.00",163
Delano,#93c47d,"52,088",CA,130.17,178,50,95.99,158,0.00%,143,mar,163.00,213,26.00,48,1986,122,"3,494.00",97
Oklahoma City,#93c47d,"681,054",OK,130.17,179,540,79.29,182,100.00%,45,jul,988.00,135,22.00,95,1985,115,"1,122.00",209
Aurora,#93c47d,"386,261",CO,130.33,180,310,80.26,178,333.00%,5,nov,467.00,172,18.00,143,1987,143,"2,412.00",141
Arlington,#93c47d,"394,266",TX,131.50,181,440,111.60,134,-64.00%,202,aug,990.00,134,25.00,61,1995,184,"3,975.00",74
Greensboro,#93c47d,"299,035",NC,131.67,182,340,113.70,132,0.00%,144,aug,"1,082.00",115,21.00,109,1987,140,"2,275.00",150
Carmel,#93c47d,"99,757",IN,131.83,183,230,230.56,37,-67.00%,206,apr,"1,182.00",95,17.00,159,1986,129,"2,032.00",165
Roswell,#93c47d,"92,833",GA,132.00,184,90,96.95,155,0.00%,145,jul,"1,251.00",64,22.00,90,1995,189,"2,279.00",149
Phoenix,#93c47d,"1,608,139",AZ,133.67,185,690,42.91,206,15.00%,96,May,174.00,212,31.00,1,1995,178,"3,102.00",109
El Paso,#93c47d,"678,815",TX,134.50,186,550,81.02,177,20.00%,93,sep,233.00,201,26.00,47,1990,159,"2,634.00",130
Orem,#93c47d,"98,129",UT,135.00,187,260,264.96,28,-58.00%,200,dec,409.00,180,18.00,148,2002,210,"5,267.00",44
Fort Worth,#93c47d,"918,915",TX,135.00,188,690,75.09,186,17.00%,95,aug,932.00,148,25.00,64,1995,186,"2,615.00",131
Jacksonville,#93c47d,"949,611",FL,135.17,189,580,61.08,195,0.00%,146,jul,"1,284.00",50,26.00,42,1994,174,"1,270.00",204
Corpus Christi,#93c47d,"317,863",TX,135.67,190,350,110.11,136,-57.00%,199,jan,735.00,160,27.00,31,1983,101,"1,524.00",187
Chandler,#93c47d,"275,987",AZ,135.83,191,260,94.21,160,-56.00%,196,jul,200.00,209,30.00,4,1995,180,"4,226.00",66
Provo,#93c47d,"115,162",UT,136.33,192,190,164.98,79,50.00%,64,sep,471.00,170,17.00,168,2002,211,"2,762.00",126
Des Moines,#93c47d,"214,133",IA,136.33,193,130,60.71,196,300.00%,10,apr,959.00,140,16.00,188,1987,145,"2,428.00",139
Dallas,#93c47d,"1,304,379",TX,136.50,194,810,62.10,194,-18.00%,161,mar,984.00,136,25.00,62,1995,185,"3,840.00",81
Spokane,#93c47d,"228,989",WA,137.50,195,170,74.24,187,33.00%,82,May,456.00,174,15.00,202,1979,78,"3,330.00",102
Toledo,#93c47d,"270,871",OH,137.67,196,140,51.69,202,-20.00%,164,aug,"1,001.00",132,15.00,199,1968,28,"3,365.00",101
Durham,#93c47d,"283,506",NC,138.00,197,280,98.76,151,-33.00%,176,jun,"1,218.00",79,22.00,91,1996,197,"2,457.00",134
Portland,#93c47d,"652,503",OR,138.17,198,470,72.03,190,-31.00%,171,jul,"1,050.00",125,17.00,165,1986,130,"4,888.00",48
Bakersfield,#93c47d,"403,455",CA,138.83,199,400,99.14,149,-30.00%,170,aug,135.00,214,26.00,49,1986,123,"2,693.00",128
Kansas City,#93c47d,"508,090",MO,139.33,200,450,88.57,163,-15.00%,159,jun,"1,112.00",106,19.00,131,1981,93,"1,614.00",184
Colorado Springs,#93c47d,"478,961",CO,140.67,201,420,87.69,165,67.00%,53,apr,438.00,176,18.00,146,1991,167,"2,451.00",137
Greenwood,#93c47d,"63,830",IN,142.33,202,50,78.33,183,0.00%,147,May,"1,189.00",91,17.00,157,1986,128,"2,287.00",148
Charlotte,#93c47d,"874,579",NC,143.00,203,570,65.17,192,0.00%,148,aug,"1,149.00",102,22.00,94,1997,199,"2,821.00",123
Davenport,#93c47d,"101,724",IA,143.67,204,50,49.15,204,0.00%,149,aug,"1,055.00",123,16.00,184,1967,17,"1,594.00",185
East Lansing,#93c47d,"47,741",MI,144.50,205,10,20.95,213,0.00%,150,aug,945.00,146,14.00,210,1974,54,"3,554.00",94
Loveland,#93c47d,"76,378",CO,145.83,206,180,235.67,34,-33.00%,177,feb,392.00,182,18.00,150,1994,177,"2,219.00",155
Huntsville,#93c47d,"215,006",AL,146.33,207,60,27.91,210,0.00%,151,apr,"1,388.00",26,22.00,84,1996,196,"1,006.00",211
Wyoming,#93c47d,"76,501",MI,147.83,208,20,26.14,212,0.00%,152,sep,"1,033.00",127,14.00,204,1980,82,"3,092.00",110
Anchorage,#93c47d,"291,247",AK,150.17,209,310,106.44,140,133.00%,31,aug,900.00,154,7.00,215,1987,146,170.60,215
Fort Collins,#93c47d,"169,810",CO,153.33,210,230,135.45,104,-50.00%,194,mar,404.00,181,18.00,149,1994,176,"2,968.00",116
auga,#93c47d,"201,196",GA,154.67,211,160,79.52,180,-67.00%,207,jul,"1,132.00",104,25.00,60,1991,163,668.00,214
Reno,#93c47d,"264,165",NV,170.83,212,230,87.07,167,-71.00%,209,May,188.00,211,20.00,125,1993,173,"2,426.00",140